album_id,title
5,Greatest Hits
16,Herzeleid
12,Grease
35,IV
8,The Wall [Disc 2]
37,Blues Is
10,Paranoid
13,Who Made Who
39,The Matrix Reloaded
27,Danger Zone
28,Self Titled
4,Who's Next
2,The Legend Of Johnny Cash
24,Hiding Place
32,On Tap & In the Can
6,Natural Wonders Music Sampler 1999
19,Relaxing Jazz
30,"Yours Truly, Angry Mob"
29,Brent's Album
20,Peanut Butter & Jam
41,Charlie and The Rising Moon
3,Peanut Butter and Jam
15,The Wisdom of Crowds: Why the Many Are Smarter than the Few (Abridged Nonfiction)
40,The Wisdom of Crowds: Why the Many Are Smarter Than the Few (Unabridged)
17,Moonlight And Love Songs
22,"Fairly Legal, Season 1"
7,csev's Album
34,unreleased demo
25,Seasons Greatings
38,The Sickness
36,Computing Conversations
18,Classic Hits
31,SI 664 W14's official Podcast.
33,CNI Event Coverage
14,Python for Informatics's official Podcast.
21,"Undercover Boss, Season 1"
23,Songs of Innocence
26,Warpaint
1,"Onion News Network, Season 1"
9,"Undercover Boss, Season 2"
11,YouTube Audio Library