id,name
1,Rob Dougan
2,Hollie Smith
3,David Osborne
4,Brent
5,Rammstein
6,Rosa Passos
7,Queen
8,Jason Farnham
9,Fluke
10,The Canettes Blues Band
11,Various
12,Undercover Boss
13,Jeff Bailey
14,Bryan Lee
15,Onion News Network
16,Bing Crosby
17,Joanie Madden
18,Luis Villegas
19,The Black Crowes
20,America
21,Cheryl Gunn
22,Chris Spheeris
23,Selah
24,U2
25,Jim Croce
26,Matt Ender
27,IEEE Computer Society
28,Dean Everson
29,Steve McDonald
30,The Postal Service
31,csev
32,La Esperanza
33,Frank Sinatra
34,Black Sabbath
35,Recording by Dr. Chuck
36,Fairly Legal
37,James Surowiecki
38,Kaiser Chiefs
39,Energipsy
40,Led Zeppelin
41,Pink Floyd
42,Disturbed
43,Matt Pasiewicz
44,Charlie And The Rising Moon
45,Billy Price
46,Cusco
47,The Who
48,Created by Sakai
49,Altan
50,AC/DC
51,Johnny Cash